{"client":"Thunder Client","collectionName":"2022_2C_PP","dateExported":"2022-10-02T22:30:08.046Z","version":"1.1","folders":[],"requests":[{"_id":"6b5818df-7857-4669-81b0-288132c14d38","colId":"9b19f439-b594-422d-b67a-ee7b47465cda","containerId":"","name":"01-altaNeumaticoJSON","url":"http://localhost/prog_3/2022/2C/pp/Alumno/altaNeumaticoJSON.php","method":"POST","sortNum":10000,"created":"2022-10-02T21:31:22.561Z","modified":"2022-10-02T21:55:27.194Z","headers":[],"params":[],"body":{"type":"formdata","raw":"","form":[{"name":"marca","value":"BridgeStone"},{"name":"medidas","value":"195-55-R16"},{"name":"precio","value":"25900"}]},"tests":[]},{"_id":"5343f272-81e9-413c-80bb-9d5ceca7346f","colId":"9b19f439-b594-422d-b67a-ee7b47465cda","containerId":"","name":"02-verificarNeumaticoJSON","url":"http://localhost/prog_3/2022/2C/pp/Alumno/verificarNeumaticoJSON.php","method":"POST","sortNum":20000,"created":"2022-10-02T21:31:22.568Z","modified":"2022-10-02T21:57:27.183Z","headers":[],"params":[],"body":{"type":"formdata","raw":"","form":[{"name":"marca","value":"Pirelli","isDisabled":true},{"name":"medidas","value":"195-65-R15","isDisabled":true},{"name":"marca","value":"BridgeStone"},{"name":"medidas","value":"195-55-R16"}]},"tests":[]},{"_id":"21c46815-65cf-4b64-827c-529a915c125f","colId":"9b19f439-b594-422d-b67a-ee7b47465cda","containerId":"","name":"03-listadoNeumaticosJSON","url":"http://localhost/prog_3/2022/2C/pp/Alumno/listadoNeumaticosJSON.php","method":"GET","sortNum":30000,"created":"2022-10-02T21:31:22.570Z","modified":"2022-10-02T21:48:02.067Z","headers":[],"params":[],"tests":[]},{"_id":"d8c53d37-4415-4a39-8d9e-8e26b655ba22","colId":"9b19f439-b594-422d-b67a-ee7b47465cda","containerId":"","name":"04-agregarNeumaticoSinFoto","url":"http://localhost/prog_3/2022/2C/pp/Alumno/agregarNeumaticoSinFoto.php","method":"POST","sortNum":50000,"created":"2022-10-02T21:31:22.572Z","modified":"2022-10-02T21:59:13.909Z","headers":[],"params":[],"body":{"type":"formdata","raw":"","form":[{"name":"neumatico_json","value":"{\"marca\":\"BridgeStone\", \"medidas\":\"195-55-R16\", \"precio\":33000}"}]},"tests":[]},{"_id":"7c46f545-3d14-4a37-be2b-e65f83699e9f","colId":"9b19f439-b594-422d-b67a-ee7b47465cda","containerId":"","name":"05-listadoNeumaticosBD","url":"http://localhost/prog_3/2022/2C/pp/Alumno/listadoNeumaticoBD.php","method":"GET","sortNum":60000,"created":"2022-10-02T21:31:22.573Z","modified":"2022-10-02T21:48:53.138Z","headers":[],"params":[],"tests":[]},{"_id":"bf664bcd-c1e3-462c-a0dd-8389e8b05ea6","colId":"9b19f439-b594-422d-b67a-ee7b47465cda","containerId":"","name":"06-eliminarNeumaticoBD","url":"http://localhost/prog_3/2022/2C/pp/Alumno/eliminarNeumaticoBD.php","method":"POST","sortNum":70000,"created":"2022-10-02T21:31:22.574Z","modified":"2022-10-02T22:05:42.020Z","headers":[],"params":[],"body":{"type":"formdata","raw":"","form":[{"name":"neumatico_json","value":"{\"id\":\"1\",\"marca\":\"BridgeStone\",\"medidas\":\"195-55-R16\", \"precio\":33500}"}]},"tests":[]},{"_id":"9d1e0bb3-fc6f-44e1-a256-887a7eca126e","colId":"9b19f439-b594-422d-b67a-ee7b47465cda","containerId":"","name":"07-modificarNeumaticoBD","url":"http://localhost/prog_3/2022/2C/pp/Alumno/modificarNeumaticoBD.php","method":"POST","sortNum":80000,"created":"2022-10-02T21:31:22.575Z","modified":"2022-10-02T22:07:34.801Z","headers":[],"params":[],"body":{"type":"formdata","raw":"","form":[{"name":"neumatico_json","value":"{\"id\":2,\"marca\":\"pirelli_modif\", \"medidas\":\"desconocidas_modif\", \"precio\": 1}"}]},"tests":[]},{"_id":"c966a07b-8776-4d2c-9787-341b1777bcdd","colId":"9b19f439-b594-422d-b67a-ee7b47465cda","containerId":"","name":"08-verificarNeumaticoBD","url":"http://localhost/prog_3/2022/2C/pp/Alumno/verificarNeumaticoBD.php","method":"POST","sortNum":82500,"created":"2022-10-02T21:31:22.576Z","modified":"2022-10-02T22:15:43.839Z","headers":[],"params":[],"body":{"type":"formdata","raw":"","form":[{"name":"obj_neumatico","value":"{\"marca\":\"Pirelli\", \"medidas\":\"195-55-R17\"}"}]},"tests":[]},{"_id":"00d48990-754e-4f17-85a0-dad748651cd0","colId":"9b19f439-b594-422d-b67a-ee7b47465cda","containerId":"","name":"09-agregarNeumaticoBD","url":"http://localhost/prog_3/2022/2C/pp/Alumno/agregarNeumaticoBD.php","method":"POST","sortNum":85000,"created":"2022-10-02T21:31:22.577Z","modified":"2022-10-02T22:10:54.377Z","headers":[],"params":[],"body":{"type":"formdata","raw":"","form":[{"name":"marca","value":"FateO"},{"name":"medidas","value":"195-55-R18"},{"name":"precio","value":"59666"}],"files":[{"name":"foto","value":"C:\\Users\\Maxi\\Pictures\\2018.jpg"}]},"tests":[]},{"_id":"0078ca2b-4f36-4648-b2a2-036fd5828657","colId":"9b19f439-b594-422d-b67a-ee7b47465cda","containerId":"","name":"10-eliminarNeumaticoBD__POST","url":"http://localhost/prog_3/2022/2C/pp/Alumno/eliminarNeumaticoBDFoto.php","method":"POST","sortNum":110000,"created":"2022-10-02T21:31:22.578Z","modified":"2022-10-02T22:29:48.459Z","headers":[],"params":[],"body":{"type":"formdata","raw":"","form":[{"name":"neumatico_json","value":"{\"id\":\"6\",\"marca\":\"FateO\",\"medidas\":\"195-55-R18\",\"precio\":\"500999\",\"pathFoto\":\".\\/bridgestone.233148.jpg\"}"},{"name":"accion","value":"borrar","isDisabled":true}]},"tests":[]},{"_id":"2dff332e-7a3c-4fb8-b2db-852e7ef6f530","colId":"9b19f439-b594-422d-b67a-ee7b47465cda","containerId":"","name":"11-eliminarNeumaticoBD__GET","url":"http://localhost/prog_3/2022/2C/pp/Alumno/eliminarNeumaticoBDFoto.php","method":"GET","sortNum":120000,"created":"2022-10-02T21:31:22.579Z","modified":"2022-10-02T21:52:30.295Z","headers":[],"params":[],"tests":[]},{"_id":"fddbb63d-12a6-4dc5-aa1c-e18ea43c7eaa","colId":"9b19f439-b594-422d-b67a-ee7b47465cda","containerId":"","name":"12-modificarNeumaticoBDFoto","url":"http://localhost/prog_3/2022/2C/pp/Alumno/modificarNeumaticoDBFoto.php","method":"POST","sortNum":130000,"created":"2022-10-02T21:31:22.580Z","modified":"2022-10-02T22:14:53.298Z","headers":[],"params":[],"body":{"type":"formdata","raw":"","form":[{"name":"neumatico_json","value":"{\"id\":2,\"marca\":\"pirelli_modif\", \"medidas\":\"desconocidas_modif\", \"precio\": 1}"}],"files":[{"name":"foto","value":"C:\\Users\\Maxi\\Pictures\\ciudad_default.jpg"}]},"tests":[]},{"_id":"a10b2636-788a-4393-b8cc-3548114da0d5","colId":"9b19f439-b594-422d-b67a-ee7b47465cda","containerId":"","name":"13-mostrarBorradosJSON.php","url":"http://localhost/prog_3/2022/2C/pp/Alumno/mostrarBorradosJSON.php","method":"GET","sortNum":140000,"created":"2022-10-02T21:31:22.581Z","modified":"2022-10-02T21:53:42.682Z","headers":[],"params":[],"tests":[]},{"_id":"7d97ae49-0dd0-41b5-a5ec-5ac29ce71105","colId":"9b19f439-b594-422d-b67a-ee7b47465cda","containerId":"","name":"14-mostrarFotosDeModificados","url":"http://localhost/prog_3/2022/2C/pp/Alumno/mostrarFotosDeModificados.php","method":"GET","sortNum":150000,"created":"2022-10-02T21:31:22.582Z","modified":"2022-10-02T21:53:57.640Z","headers":[],"params":[],"tests":[]}]}
