{"client":"Thunder Client","collectionName":"servidor_node_jwt","dateExported":"2022-06-10T10:58:02.506Z","version":"1.1","folders":[],"requests":[{"_id":"37db903d-ca2e-44f4-aedb-1eae38b56762","colId":"1cf5af21-dcf3-459b-9bb2-5deadccb155a","containerId":"","name":"01-crear jwt","url":"http://localhost:9876/crear_token","method":"POST","sortNum":10000,"created":"2022-05-31T22:11:33.251Z","modified":"2022-06-06T18:26:18.122Z","headers":[],"params":[],"body":{"type":"json","raw":"{\n    \"usuario\" : \"user\",\n    \"clave\" : \"123456\"\n}","form":[]},"tests":[]},{"_id":"5c970963-be74-402c-8720-ca22f9a00c2a","colId":"1cf5af21-dcf3-459b-9bb2-5deadccb155a","containerId":"","name":"02-verificar jwt","url":"http://localhost:9876/verificar_token","method":"GET","sortNum":30000,"created":"2022-05-31T22:29:02.050Z","modified":"2022-06-06T19:05:57.666Z","headers":[],"params":[],"auth":{"type":"bearer","bearer":"eyJhbGciOiJIUzI1NiIsInR5cCI6IkpXVCJ9.eyJ1c3VhcmlvIjp7ImlkIjoxLCJhcGVsbGlkbyI6IlDDqXJleiIsIm5vbWJyZSI6IkVuem8iLCJyb2wiOiJhZG1pbmlzdHJhZG9yIn0sImFwaSI6InByb2R1Y3Rvc191c3VhcmlvcyIsImlhdCI6MTY1NDU0MjE4NCwiZXhwIjoxNjU0NjI4NTg0fQ.PLhk6q-RWtVPcPSg8ptnKQReJz5CFr-dsjkhmupglyE"},"tests":[]},{"_id":"c995933c-3ea1-4be6-a701-d69064bb50e3","colId":"1cf5af21-dcf3-459b-9bb2-5deadccb155a","containerId":"","name":"03-solo admin","url":"http://localhost:9876/admin","method":"GET","sortNum":35000,"created":"2022-06-06T18:24:55.429Z","modified":"2022-06-06T18:26:34.649Z","headers":[],"params":[],"auth":{"type":"bearer","bearer":"eyJhbGciOiJIUzI1NiIsInR5cCI6IkpXVCJ9.eyJjaGVjayI6dHJ1ZSwidXN1YXJpbyI6InVzZXIiLCJwZXJmaWwiOiJ1c3VhcmlvIiwiaWF0IjoxNjU0NTM5OTc4LCJleHAiOjE2NTQ2MjYzNzh9.ftiHPD08QQDg3KyovdZSPO1PdTTd6unqNNdJ60WbMIA"},"tests":[]},{"_id":"c668c367-cf36-40f9-b999-588fe9005251","colId":"1cf5af21-dcf3-459b-9bb2-5deadccb155a","containerId":"","name":"04-login","url":"http://localhost:9876/login","method":"POST","sortNum":40000,"created":"2022-06-06T17:11:57.392Z","modified":"2022-06-06T19:27:04.095Z","headers":[],"params":[],"body":{"type":"json","raw":"{\n    \"legajo\" : 111,\n    \"apellido\" : \"Pérez\"\n}","form":[]},"tests":[]},{"_id":"ad80e025-a81a-4f0e-87ab-332fe65dff51","colId":"1cf5af21-dcf3-459b-9bb2-5deadccb155a","containerId":"","name":"05.- Get - listado bd - jwt","url":"http://localhost:9876/productos_bd","method":"GET","sortNum":50000,"created":"2022-06-06T18:46:40.314Z","modified":"2022-06-06T19:23:10.921Z","headers":[],"params":[],"auth":{"type":"bearer","bearer":"eyJhbGciOiJIUzI1NiIsInR5cCI6IkpXVCJ9.eyJ1c3VhcmlvIjp7ImlkIjozLCJhcGVsbGlkbyI6IlRvcm5lbGxvIiwibm9tYnJlIjoiSnVhbiIsInJvbCI6ImVtcGxlYWRvIn0sImFwaSI6InByb2R1Y3Rvc191c3VhcmlvcyIsImlhdCI6MTY1NDU0MzM4MCwiZXhwIjoxNjU0NjI5NzgwfQ.5AfP8RYrIGOG9GgNnZDKoh0hRuMK-SO4yOAqfkdelAk"},"tests":[]},{"_id":"bf67a98b-c96e-4352-b052-46d9ba6d12d1","colId":"1cf5af21-dcf3-459b-9bb2-5deadccb155a","containerId":"","name":"06.- Post - Alta bd - jwt","url":"http://localhost:9876/productos_bd","method":"POST","sortNum":60000,"created":"2022-06-06T19:00:00.665Z","modified":"2022-06-06T19:27:38.694Z","headers":[],"params":[],"body":{"type":"formdata","raw":"","form":[{"name":"obj","value":"{ \"codigo\": 1, \"marca\": \"marca_uno_con_foto\", \"precio\": 100 }","isDisabled":true},{"name":"obj","value":"{ \"codigo\": 2, \"marca\": \"marca_dos_con_foto\", \"precio\": 200}"}],"files":[{"name":"foto","value":"C:\\Users\\Maxi\\Pictures\\elijo_seguir_estando.jpg","isDisabled":true},{"name":"foto","value":"C:\\Users\\Maxi\\Pictures\\faro.jpg"}]},"auth":{"type":"bearer","bearer":"eyJhbGciOiJIUzI1NiIsInR5cCI6IkpXVCJ9.eyJ1c3VhcmlvIjp7ImlkIjoxLCJhcGVsbGlkbyI6IlDDqXJleiIsIm5vbWJyZSI6IkVuem8iLCJyb2wiOiJhZG1pbmlzdHJhZG9yIn0sImFwaSI6InByb2R1Y3Rvc191c3VhcmlvcyIsImlhdCI6MTY1NDU0MzYyNCwiZXhwIjoxNjU0NjMwMDI0fQ.4hElMZqanspMUERuAblmK220-RilwNABdmGd58trPRw"},"tests":[]},{"_id":"4010814d-d065-41fe-ab76-3fba95969b2d","colId":"1cf5af21-dcf3-459b-9bb2-5deadccb155a","containerId":"","name":"07.- Post - Modificar bd - jwt","url":"http://localhost:9876/productos_bd/modificar","method":"POST","sortNum":70000,"created":"2022-06-06T19:23:37.805Z","modified":"2022-06-06T19:28:30.672Z","headers":[],"params":[],"body":{"type":"formdata","raw":"","form":[{"name":"obj","value":"{ \"codigo\": 2, \"marca\": \"marca_dos_con_foto_modificada\", \"precio\": 222 }"}],"files":[{"name":"foto","value":"C:\\Users\\Maxi\\Pictures\\galaxia.jpg"}]},"auth":{"type":"bearer","bearer":"eyJhbGciOiJIUzI1NiIsInR5cCI6IkpXVCJ9.eyJ1c3VhcmlvIjp7ImlkIjoxLCJhcGVsbGlkbyI6IlDDqXJleiIsIm5vbWJyZSI6IkVuem8iLCJyb2wiOiJhZG1pbmlzdHJhZG9yIn0sImFwaSI6InByb2R1Y3Rvc191c3VhcmlvcyIsImlhdCI6MTY1NDU0MzYyNCwiZXhwIjoxNjU0NjMwMDI0fQ.4hElMZqanspMUERuAblmK220-RilwNABdmGd58trPRw"},"tests":[]},{"_id":"095e0ae7-9bc1-46f1-9ebb-022ab0d9082b","colId":"1cf5af21-dcf3-459b-9bb2-5deadccb155a","containerId":"","name":"08.- Post - Eliminar bd - jwt","url":"http://localhost:9876/productos_bd/eliminar","method":"POST","sortNum":80000,"created":"2022-06-06T19:23:59.360Z","modified":"2022-06-06T19:30:57.592Z","headers":[],"params":[],"body":{"type":"json","raw":"{\"codigo\": 2}","form":[]},"auth":{"type":"bearer","bearer":"eyJhbGciOiJIUzI1NiIsInR5cCI6IkpXVCJ9.eyJ1c3VhcmlvIjp7ImlkIjoxLCJhcGVsbGlkbyI6IlDDqXJleiIsIm5vbWJyZSI6IkVuem8iLCJyb2wiOiJhZG1pbmlzdHJhZG9yIn0sImFwaSI6InByb2R1Y3Rvc191c3VhcmlvcyIsImlhdCI6MTY1NDU0MzYyNCwiZXhwIjoxNjU0NjMwMDI0fQ.4hElMZqanspMUERuAblmK220-RilwNABdmGd58trPRw"},"tests":[]}]}
